row_index,texte,ner_spans,annotation_correcte
1890,"Bonjour, Bonjour, je devais recevoir mon colis TRK-2025-15915 à Béja, et rien n'est arrivé. À bientôt.","[(47, 61, 'NUMERO_TRACKING'), (64, 68, 'VILLE')]",
158,"Bonsoir, Mon vase est arrivé completement cassé. Ref ADR-2026-43263. Il coûtait 280EUR. Bien à vous.","[(53, 67, 'NUMERO_TRACKING'), (80, 86, 'MONTANT')]",
686,"C'est inadmissible ! Question : est-ce que vous livrez le dimanche ? Je veux parler à un responsable, IMMÉDIATEMENT.",[],
907,"Le colis sans référence est marqué livré, mais je n'ai rien reçu. Je pense qu'il a été volé. Merci !",[],
1739,"Cher Service Client, Livreur arrivé à Nabeul, n'a même pas sonné. Colis déposé n'importe où. Merci de votre retour.","[(38, 44, 'VILLE')]",
1938,"Bonjour, Retard important sur ma commande. Numéro de suivi : ADR-2024-91664. Destination : Bordeaux. Prévu le 06/09. Sincères salutations.","[(61, 75, 'NUMERO_TRACKING'), (91, 99, 'VILLE')]",
2064,"Madame, Monsieur, Aucune nouvelle de ma livraison EXP-2024-11393. Attendue à La Marsa. Cela fait 3 mois d'attente. Bien à vous.","[(50, 64, 'NUMERO_TRACKING'), (77, 85, 'VILLE')]",
1058,"Reception d'un colis défectueux. CMR-2025-51854. L'article est brisé, inutilisable en l'état. Merci d'avance.","[(33, 47, 'NUMERO_TRACKING')]",
1095,"Je suis furieux, Mon colis TRK-2023-56212 a été livré à Rabat alors que j'habite à La Marsa. Je ne veux plus jamais utiliser vos services.","[(27, 41, 'NUMERO_TRACKING'), (56, 61, 'VILLE')]",
1231,"Madame, Monsieur, Demande de remboursement de 993,12 DT pour le colis CMR-2025-37710. Produit non conforme. Sincères salutations.","[(46, 55, 'MONTANT'), (70, 84, 'NUMERO_TRACKING')]",
2413,"Madame, Monsieur, Retard important sur ma commande. Numéro de suivi : LP-2025-23570. Destination : Ezzahra. Prévu le 18/04. 34 jours de retard. Sincères salutations.","[(70, 83, 'NUMERO_TRACKING'), (99, 106, 'VILLE')]",
2125,"Bonjour, Je n'ai jamais reçu mon colis COL-2025-61163. Plus de nouvelles depuis 3 semaines. Perdu ? Je veux parler à un responsable, IMMÉDIATEMENT.","[(39, 53, 'NUMERO_TRACKING')]",
493,C'est inadmissible ! Mon colis CMR-2023-28811 a été livré à Gafsa alors que j'habite à Hammamet. J'exige une réponse immédiate!!,"[(31, 45, 'NUMERO_TRACKING'), (60, 65, 'VILLE')]",
992,"Salut, Reception d'un colis défectueux. L'article est brisé, inutilisable en l'état. Merci d'avance.",[],
2392,"Bonjour Madame, Monsieur, Colis introuvable à Gafsa. Ref ADR-2024-51719. Dernier suivi le 2024-01-04. Disparu depuis 2 jours. Merci d'avance.","[(46, 51, 'VILLE'), (57, 71, 'NUMERO_TRACKING')]",
1804,"Bonjour Madame, Monsieur, Je souhaite retourner ma commande et être remboursé de 1490eur. Merci. Merci d'avance.","[(82, 88, 'MONTANT')]",
217,"Cher Service Client, Ma commande de 1558eur a totalement disparu. Numéro : BL-2024-70762.. Enquête urgente demandée. Cordialement.","[(37, 43, 'MONTANT'), (75, 88, 'NUMERO_TRACKING')]",
168,"Bonjour Madame, Monsieur, Facture incorrecte : on m'a facturé 245.13 dinars pour la livraison PKG-2026-80879 à Le Bardo, ce n'est pas le tarif convenu. Merci de votre retour.","[(62, 75, 'MONTANT'), (94, 108, 'NUMERO_TRACKING'), (111, 119, 'VILLE')]",
1372,"Écoutez, Bonjour, comment procéder au retour de ma commande ? Je souhaite un remboursement intégral. J'exige une réponse immédiate.",[],
1260,"Écoutez, Colis ADR-2026-88179 égaré dans le circuit. Valeur : 1064 eur. Je saisirai un avocat si rien ne bouge.","[(15, 29, 'NUMERO_TRACKING'), (63, 70, 'MONTANT')]",
1599,"Bonsoir, Retard important sur ma commande. Numéro de suivi : ADR-2026-73874. Prévu le 02/01/2024. 55 jours de retard. Merci d'avance.","[(61, 75, 'NUMERO_TRACKING'), (86, 96, 'DATE')]",
1857,"Cher Service Client, Colis BL-2023-94547 endommagé à Djerba. Le carton était perforé, le contenu est HS. Merci d'avance.","[(27, 40, 'NUMERO_TRACKING'), (53, 59, 'VILLE')]",
1930,"Cher Service Client, Produit reçu abîmé. Emballage détruit. J attends un geste. Dans l'attente de votre réponse.",[],
2100,"Hello, Question facturation. On me demande 642.41euros pour BL-2025-63588, alors que rien n'a été livré. Explication ?","[(43, 54, 'MONTANT'), (60, 73, 'NUMERO_TRACKING')]",
1707,"Bonjour, Le colis sans référence est marqué livré à Béja, mais je n'ai rien reçu. Je pense qu'il a été volé. Dans l'attente de votre réponse.","[(52, 56, 'VILLE')]",
409,"Coucou, Expérience terrible avec votre service. J'exige des explications. Merci d'avance.",[],
227,"Bonsoir, Je veux annuler et être remboursé. Commande ADR-2025-70616. Merci d'avance.","[(53, 67, 'NUMERO_TRACKING')]",
1346,"Bonsoir, Toujours pas livré à Ben Arous, colis CMR-2023-98417. C'est long. Merci d'avance.","[(30, 39, 'VILLE'), (47, 61, 'NUMERO_TRACKING')]",
1881,"Bonjour, Le livreur a été très impoli. Comportement inadmissible. Bien à vous.",[],
1867,"Franchement, Bonjour, demande de devis pour un envoi de 12 tonnes vers Bizerte. Je vais résilier si ça continue.","[(71, 78, 'VILLE')]",
1587,"Bonjour, Expérience terrible avec votre service à Le Bardo. J'exige des explications. Sincères salutations.","[(50, 58, 'VILLE')]",
2197,"Ça suffit maintenant, Colis reçu endommagé. Le carton était perforé, le contenu est HS. Je ne veux plus jamais utiliser vos services.",[],
1290,"Madame, Monsieur, J'ai été débité deux fois 1989.84 eur pour la même commande CMR-2023-75541 le 26 septembre. Bien à vous.","[(45, 55, 'MONTANT'), (78, 92, 'NUMERO_TRACKING')]",
485,"Bonjour Madame, Monsieur, Le tracking indique 'livré' le 2024-06-06, mais rien à la maison. Colis COL-2025-72154 volé je pense. Dans l'attente de votre réponse.","[(98, 112, 'NUMERO_TRACKING')]",
1926,"Je suis furieux, Le livreur a été très impoli le 04/05. Comportement inadmissible. C'est inacceptable !",[],
2222,"Coucou, Livraison en retard à Ben Arous. Merci !","[(30, 39, 'VILLE')]",
1113,"Cher Service Client, Demande de remboursement de 1885 TND pour le colis LP-2026-86916. Produit non conforme. Dans l'attente de votre réponse.","[(50, 57, 'MONTANT'), (72, 85, 'NUMERO_TRACKING')]",
1108,"Bonjour, RECEPTION d'un colis défectueux. CMR-2025-89253. L'article est brisé, inutilisable en l'état. Réagissez !!!","[(42, 56, 'NUMERO_TRACKING')]",
1241,"Ça suffit maintenant, Le colis CMR-2023-72244 est en RETARD de 1 semaine. Livraison prévue à Ezzahra. C'est inacceptable !","[(31, 45, 'NUMERO_TRACKING'), (93, 100, 'VILLE')]",
2050,"Madame, Monsieur, Surcharges non expliquées de 590EUR sur ma facture. Bien à vous.","[(47, 53, 'MONTANT')]",
2030,"Bonsoir, Surcharges non expliquées de 458,03 euros sur ma facture. Bien à vous.","[(38, 50, 'MONTANT')]",
1892,"Écoutez, Mon vase est ARRIVÉ à Lyon completement cassé. Réagissez !...","[(31, 35, 'VILLE')]",
1164,Retard important sur ma commande. Numéro de suivi : EXP-2026-23876. Merci d'avance.,"[(52, 66, 'NUMERO_TRACKING')]",
1761,"Coucou, Adresse de livraison ignorée. Envoi effectué vers Manouba au lieu de Ariana. Ref : PKG-2026-72916.","[(58, 65, 'VILLE'), (91, 105, 'NUMERO_TRACKING')]",
385,"Écoutez, Double prélèvement : 1362.71 TND le jeudi. À corriger d'urgence. Dernière chance avant plainte officielle.","[(31, 41, 'MONTANT')]",
561,"C'est inadmissible ! Le colis sans référence est marqué livré à Berlin, mais je n'ai rien reçu. Je pense qu'il a été volé. Je ne veux plus jamais utiliser vos services!!!","[(64, 70, 'VILLE')]",
210,"Madame, Monsieur, Aucune nouvelle de ma livraison ADR-2024-28102 le 12 novembre. Cela fait 2 mois d'attente. Merci d'avance.","[(50, 64, 'NUMERO_TRACKING')]",
449,"Coucou, Ma commande devait arriver le 09/05, toujours rien reçu, ça fait 4 semaines. Merci !",[],
230,"Madame, Monsieur, Marchandise arrivée déchirée. Livrée à Bizerte. Plusieurs articles sont rayés et inutilisables. Merci de votre retour.","[(57, 64, 'VILLE')]",
1566,"Bonsoir, Bonjour, comment procéder au retour de ma commande ADR-2024-98387 ? Je souhaite un remboursement intégral de 1239.37 TND. Cordialement.","[(60, 74, 'NUMERO_TRACKING'), (119, 129, 'MONTANT')]",
1364,"Écoutez, Bonjour, comment procéder au retour de ma commande TRK-2023-77972 ? Je SOUHAITE un remboursement intégral. Réagissez !","[(60, 74, 'NUMERO_TRACKING')]",
1072,"Écoutez, La boîte du colis BL-2023-25226 est arrivée écrasée et tout est en miettes. Je saisirai un avocat si rien ne bouge.","[(27, 40, 'NUMERO_TRACKING')]",
1107,"Salut, Livreur arrivé à Nabeul, n'a même pas sonné. Colis déposé n'importe où. Merci beaucoup.","[(24, 30, 'VILLE')]",
1687,Aucune nouvelle de ma livraison PKG-2023-46627. Attendue à Djerba le 10 octobre. Cela fait plusieurs jours d'attente. C'est inacceptable !!!!,"[(32, 46, 'NUMERO_TRACKING'), (59, 65, 'VILLE')]",
314,"Franchement, Produit reçu abîmé. Emballage détruit. Numéro LP-2025-59327. Livraison Gabès. J attends un geste. J'exige une réponse immédiate.","[(59, 72, 'NUMERO_TRACKING'), (84, 89, 'VILLE')]",
2283,"Bonsoir, Toujours pas livré. C'est long. Merci d'avance.",[],
2499,"Bonsoir, Je n'ai jamais reçu mon colis TRK-2023-28560. Il devait arriver à Béja. Plus de nouvelles depuis 5 mois. Perdu ? Merci d'avance.","[(39, 53, 'NUMERO_TRACKING'), (75, 79, 'VILLE')]",
912,"Bonjour, Souhaite ouvrir un compte pro pour mes envois. Volume mensuel estimé : 334.02€ de frais. Bien à vous.","[(80, 87, 'MONTANT')]",
880,Aucun professionnalisme à Berlin. Personne ne rappelle. Colis CMR-2023-84834. Je ne veux plus jamais utiliser vos services!!,"[(26, 32, 'VILLE'), (62, 76, 'NUMERO_TRACKING')]",
109,"Bonjour, Le livreur a été très impoli lors de la livraison à Berlin. Comportement inadmissible. Dernière chance avant plainte officielle...","[(61, 67, 'VILLE')]",
