texte,montant
"Hello, Demande de remboursement de 1279,23 dinars pour le colis COL-2024-18142. Produit non conforme. Merci d'avance.","1279,23 dinars"
"Franchement, J'ai été débité deux fois 1435,25 DT pour la même commande ADR-2024-85065 le 16/06/2025. Je saisirai un avocat si rien ne bouge.","1435,25 DT"
"Bonjour, Question facturation. On me demande 162.75 dinars pour LP-2023-83713, alors que rien n'a été livré. Explication ? C'est inacceptable !",162.75 dinars
"Franchement, Le prix affiché était différent : 1409,02 TND au lieu du montant annoncé. Je veux parler à un responsable, IMMÉDIATEMENT.","1409,02 TND"
"Bonjour Madame, Monsieur, Le prix affiché était différent : 1142 TND au lieu du montant annoncé. Sincères salutations.",1142 TND
"Je suis furieux, Je souhaite retourner ma commande et être remboursé de 1004dt. Merci. Je saisirai un avocat si rien ne bouge.",1004dt
"Hello, Mon montre est arrivé completement cassé. Il coûtait 1652,86 DT.","1652,86 DT"
"Cher Service Client, Je veux annuler et être remboursé 1000.29 DT. Commande COL-2024-34530. Merci de votre retour.",1000.29 DT
"Cher Service Client, Le prix affiché était différent : 373.84dinars au lieu du montant annoncé. Commande TR-2025-62096. Bien à vous.",373.84dinars
"Bonjour, Je veux annuler et être remboursé 1448TND Merci beaucoup.",1448TND
"Je veux annuler et être remboursé 516,90 DT. Commande CMR-2023-99463.","516,90 DT"
"Cher Service Client, Bonjour, comment procéder au retour de ma commande CMR-2025-77357 ? Je souhaite un remboursement intégral de 430.28DT. Merci d'avance.",430.28DT
"Hello, Mon montre est arrivé completement cassé. Ref TR-2023-10659. Il coûtait 424TND. Merci d'avance.",424TND
"Bonjour Madame, Monsieur, Bonjour, comment procéder au retour de ma commande TR-2025-28350 ? Je souhaite un remboursement intégral de 1626.22 TND. Sincères salutations.",1626.22 TND
"Bonsoir, Le prix affiché était différent : 1119.47 dinars au lieu du montant annoncé. Sincères salutations.",1119.47 dinars
"Bonjour Madame, Monsieur, Mon téléphone d'une valeur de 1073 TND est cassé à la réception. Colis PKG-2024-98724. Cordialement.",1073 TND
"Bonjour Madame, Monsieur, Facture incorrecte : on m'a facturé 245.13 dinars pour la livraison PKG-2026-80879 à Le Bardo, ce n'est pas le tarif convenu. Merci de votre retour.",245.13 dinars
"Bonjour Madame, Monsieur, J'attends toujours mon remboursement de 1628DT. C'est long ! Dans l'attente de votre réponse.",1628DT
"Bonsoir, Double prélèvement : 1729,16 dinars le le 23 jui.. À corriger d'urgence. Merci de votre retour.","1729,16 dinars"
"Coucou, Ma commande de 1322.44 DT a totalement disparu. Numéro : BL-2025-32324. Livraison El Menzah. Enquête urgente demandée. Merci d'avance.",1322.44 DT
"Je suis furieux, Question facturation. On me demande 1760 dt, ALORS que rien n'a été livré. Explication ? Je vais résilier si ça continue!!",1760 dt
"Bonjour, Facture incorrecte : on m'a facturé 1230dt pour la livraison EXP-2026-89802, ce n'est pas le tarif convenu. Je vais résilier si ça continue!!",1230dt
"Hello, Double prélèvement : 669.90DT le jour même et à nouveau 1668.48 dt. À corriger d'urgence. Merci beaucoup.",669.90DT
"Madame, Monsieur, Prélèvement erroné de 1412 DT constaté le le 29 avr.. Merci de rectifier. Dans l'attente de votre réponse.",1412 DT
"Bonsoir, Surcharges non expliquées de 1381 dinars sur ma facture. Ref PKG-2026-33459. Cordialement.",1381 dinars
Prélèvement erroné de 474dinars. Merci de rectifier. Merci d'avance.,474dinars
"Bonjour, Double prélèvement : 156dinars le 23 avril. À corriger d'urgence. À bientôt.",156dinars
"Cher Service Client, Demande de remboursement de 1572.06 DT. Produit non conforme. Sincères salutations.",1572.06 DT
"Salut, Double prélèvement : 1066,15 dt le jour même. À corriger d'urgence. Merci d'avance.","1066,15 dt"
"Bonjour, Je veux annuler et être remboursé 1895,16 dt. Commande COL-2026-68177. Merci beaucoup.","1895,16 dt"
"Cher Service Client, J'attends toujours mon remboursement de 705.95DT promis le 13/03/2025. C'est long ! Merci d'avance.",705.95DT
"Bonjour, Surcharges non expliquées de 248.77dt sur ma facture. Cordialement.",248.77dt
"Salut, Je veux annuler et être remboursé 199dinars. Commande EXP-2025-18050. Merci d'avance.",199dinars
"Salut, J'attends toujours mon remboursement de 99,83 TND. Cela fait 2 mois. C'est long !","99,83 TND"
"Madame, Monsieur, J'ai été débité deux fois 624dt pour la même commande le 2024-07-15. Merci de votre retour.",624dt
"Hello, Question facturation. On me demande 1820 dinars pour COL-2023-80111, alors que rien n'a été livré. Explication ? Merci beaucoup.",1820 dinars
"Écoutez, Surcharges non expliquées de 1586dt sur ma facture. Je saisirai un avocat si rien ne bouge.",1586dt
"Écoutez, Surcharges non expliquées de 583,93 TND sur ma facture. Je veux PARLER à un responsable, IMMÉDIATEMENT!!!","583,93 TND"
"Bonjour, Demande de remboursement de 1939,69 dinars. Produit non conforme. C'est inacceptable !!!","1939,69 dinars"
"C'est inadmissible ! Double prélèvement : 585dt le jour même. À corriger d'urgence. Je veux parler à un responsable, IMMÉDIATEMENT!!",585dt
"Madame, Monsieur, Facture incorrecte : on m'a facturé 899.41DT pour la livraison TR-2025-94974, ce n'est pas le tarif convenu. Sincères salutations.",899.41DT
"Bonjour, Je veux annuler et être remboursé 1126 dinars. Commande BL-2025-44184. Sincères salutations.",1126 dinars
J'ai été débité deux fois 887.08dt pour la même commande le 11 juillet. Je ne veux plus jamais utiliser vos services.,887.08dt
"Cher Service Client, J'attends toujours mon remboursement de 1789.03TND promis le 2025-05-12. Cela fait 4 mois. C'est long ! Cordialement.",1789.03TND
"Bonjour, Je souhaite retourner ma commande et être remboursé de 1593,34 DT. Merci. C'est inacceptable !","1593,34 DT"
"Bonjour Madame, Monsieur, Mon tablette d'une valeur de 1365dinars est cassé à la réception. Colis TR-2024-82938. Dans l'attente de votre réponse.",1365dinars
"Écoutez, Double prélèvement : 1362.71 TND le jeudi. À corriger d'urgence. Dernière chance avant plainte officielle.",1362.71 TND
Double prélèvement : 1762.60 TND le jour même. À corriger d'urgence.,1762.60 TND
"Madame, Monsieur, Le prix affiché était différent : 318,63 dinars au lieu du montant annoncé. Commande BL-2024-38773. Sincères salutations.","318,63 dinars"
"Salut, Question facturation. On me demande 1480 DT, alors que rien n'a été livré. Explication ? Merci beaucoup.",1480 DT
