texte,date
"Franchement, Demande de remboursement de 1871euros commandé le 2025-11-16. Produit non conforme. Je vais résilier si ça continue.",16/11/2025
Colis expédié vers Ariana par erreur le mardi. Ma vraie adresse est à Manouba (colis BL-2026-67535). À corriger. À bientôt.,mardi
Le livreur a été très impoli lors de la livraison à Béja le 18 février. Comportement inadmissible. Merci d'avance.,18-févr.
"Bonjour, Double prélèvement : 500 DT le 2024-05-23 et à nouveau 1215 eur. À corriger d'urgence. Merci de votre retour.",23/05/2024
"Bonsoir, Bonjour, je devais recevoir mon colis le 16/06, et rien n'est arrivé. Sincères salutations.",16-juin
"Madame, Monsieur, Mon clavier est arrivé à Manouba le 10 août completement cassé. Ref BL-2026-84302. Il coûtait 1726€. Cordialement.",10-août
"Bonjour Madame, Monsieur, Retard important sur ma commande. Numéro de suivi : LP-2025-32833. Destination : Ezzahra. Prévu le le 11 déc.. Merci de votre retour.",le 11 déc.
"Coucou, Aucune nouvelle de ma livraison TR-2023-83752. Attendue à Nabeul le le 2 jui.. Cela fait 3 mois d'attente.",le 2 jui.
"Coucou, On m'a livré à la mauvaise ville. Numéro BL-2026-27342. Destination erronée : Mahdia. Correcte : Barcelone. Reçu le 8 novembre. Merci beaucoup.",08-nov.
"Hello, Aucune nouvelle de ma livraison TR-2026-17035 le 11/10. Cela fait 24h d'attente.",11-oct.
"Cher Service Client, Bonjour, je devais recevoir mon colis le 2024-09-14, et rien n'est arrivé depuis 4 mois. Merci de votre retour.",14/09/2024
"Bonjour Madame, Monsieur, Je n'ai jamais reçu mon colis TRK-2025-51462 le 2024-11-16. Plus de nouvelles depuis 7 semaines. Perdu ? Dans l'attente de votre réponse.",16/11/2024
"Bonsoir, Aucune nouvelle de ma livraison COL-2025-99208 le 10 février. Cela fait plusieurs jours d'attente. Sincères salutations.",10-févr.
"Bonjour, Le tracking indique 'livré' le mardi, mais rien à la maison. Colis COL-2025-38647 volé je pense. Merci d'avance.",mardi
"Bonsoir, Double prélèvement : 1729,16 dinars le le 23 jui.. À corriger d'urgence. Merci de votre retour.",le 23 jui.
"Madame, Monsieur, Bonjour, je devais recevoir mon colis LP-2024-52027 à Sfax le 2025-07-01, et rien n'est arrivé depuis 48h. Merci d'avance.",01/07/2025
"Hello, Ma commande devait arriver à Sfax le le 13 mar., toujours rien reçu.",le 13 mar.
"Bonsoir, Retard important sur ma commande. Numéro de suivi : PKG-2025-21151. Destination : Tozeur. Prévu le 2025-12-15. 36 jours de retard. Merci de votre retour.",15/12/2025
"Bonjour Madame, Monsieur, Le colis TRK-2023-55453 est marqué livré le 2024-11-05, mais je n'ai rien reçu. Je pense qu'il a été volé. Bien à vous.",05/11/2024
"Madame, Monsieur, Aucune nouvelle de ma livraison ADR-2024-28102 le 12 novembre. Cela fait 2 mois d'attente. Merci d'avance.",12-nov.
"Le colis TR-2025-71710 est marqué livré à Monastir le 27/02, mais je n'ai rien reçu. Je pense qu'il a été volé.",27-févr.
"Madame, Monsieur, Prélèvement erroné de 1412 DT constaté le le 29 avr.. Merci de rectifier. Dans l'attente de votre réponse.",le 29 avr.
"Bonjour Madame, Monsieur, Ma commande TR-2024-36894 devait arriver le 07/02, toujours rien reçu, ça fait 2 semaines. Cordialement.",07-févr.
"Bonjour, Mon clavier est arrivé le 5 novembre completement cassé. Ref TR-2025-71194. À bientôt.",05-nov.
"Bonsoir, Ma commande a totalement disparu. Numéro : CMR-2024-81820. Livraison Sousse prévue le 11/12. Enquête urgente demandée. Merci d'avance.",11-d?.
"Cher Service Client, Livraison en retard. Attendu le le 6 jui.. Merci de votre retour.",le 6 jui.
"Bonjour, Double prélèvement : 156dinars le 23 avril. À corriger d'urgence. À bientôt.",23-avr.
"Cher Service Client, Retard important sur ma commande. Numéro de suivi : CMR-2026-60956. Prévu le 5 mars. 8 semaines de retard. Cordialement.",05-mars
"Madame, Monsieur, Ma commande ADR-2026-98877 devait arriver le 2025-07-03, toujours rien reçu, ça fait 2 semaines. Bien à vous.",03/07/2025
"Cher Service Client, Ma commande de 912.41eur a totalement disparu. Numéro : TR-2023-72886. prévue le le 15 avr.. Enquête urgente demandée. Merci d'avance.",le 15 avr.
"Bonjour, Bonjour, je devais recevoir mon colis à Sfax le 06/11, et rien n'est arrivé depuis 8 jours. Cordialement.",06-nov.
"Ça suffit maintenant, Mon téléphone est arrivé à Gafsa le 2 décembre completement cassé. Ref PKG-2023-78454. Réagissez !!!",02-d?.
"Madame, Monsieur, J'ai été débité deux fois 624dt pour la même commande le 2024-07-15. Merci de votre retour.",15/07/2024
"Hello, Aucune nouvelle de ma livraison ADR-2026-69468 le 20/11. Cela fait 14 jours d'attente. Merci beaucoup.",20-nov.
"Madame, Monsieur, Le colis TRK-2023-71636 est marqué livré à Tozeur le 2025-05-21, mais je n'ai rien reçu. Je pense qu'il a été volé. Cordialement.",21/05/2025
"Bonjour, Le colis EXP-2025-43405 est marqué livré à Tunis le 08/11, mais je n'ai rien reçu. Je pense qu'il a été volé. Bien à vous.",08-nov.
J'ai été débité deux fois 887.08dt pour la même commande le 11 juillet. Je ne veux plus jamais utiliser vos services.,11-juil.
"Bonjour, Double prélèvement : 1727EUR le 2025-04-13. À corriger d'urgence. Je ne veux plus jamais utiliser vos services!!!",13/04/2025
"Cher Service Client, J'attends toujours mon remboursement de 1789.03TND promis le 2025-05-12. Cela fait 4 mois. C'est long ! Cordialement.",12/05/2025
"Bonjour, Aucune nouvelle de ma livraison. Attendue à Kairouan le 2024-11-29. Cela fait 7 semaines d'attente. Réagissez !...",29/11/2024
"Madame, Monsieur, Le tracking indique 'livré' le 22 juillet, mais rien à la maison. Colis inconnu volé je pense. Merci de votre retour.",22-juil.
"Écoutez, Double prélèvement : 1362.71 TND le jeudi. À corriger d'urgence. Dernière chance avant plainte officielle.",jeudi
"Cher Service Client, Je n'ai jamais reçu mon colis BL-2025-59998. Il devait arriver à Tozeur le 5 septembre. Perdu ? Sincères salutations.",05-sept.
"Madame, Monsieur, Aucune nouvelle de ma livraison CMR-2024-71149 le 2025-09-30. Cela fait 50 jours d'attente. Cordialement.",30/09/2025
"Bonjour, On m'a livré à la mauvaise ville. Numéro COL-2026-69133. Destination erronée : Tozeur. Correcte : Zaghouan. Reçu le 2025-01-26. Dans l'attente de votre réponse.",26/01/2025
"Cher Service Client, Colis introuvable à Kairouan. Dernier suivi le 10/01. Bien à vous.",10-janv.
"Cher Service Client, Aucune nouvelle de ma livraison. Attendue à Kasserine le 2025-06-14. Cela fait 59 jours d'attente. Merci de votre retour.",14/06/2025
"Cher Service Client, Livreur arrivé le 12 décembre, n'a même pas sonné. Colis déposé n'importe où. Merci de votre retour.",12-d?.
C'est inadmissible ! Double prélèvement : 311.23TND le 18 novembre. À corriger d'urgence. Dernière chance avant plainte officielle...,18-nov.
"Hello, J'attends toujours mon remboursement de 1339.55€ promis le 2024-04-03. Cela fait 53 jours. C'est long ! Merci !",03/04/2024
