texte,tracking_id
"Bonsoir, Colis introuvable. Ref EXP-2024-11846. Merci d'avance.",EXP-2024-11846
"Hello, Demande de remboursement de 1279,23 dinars pour le colis COL-2024-18142. Produit non conforme. Merci d'avance.",COL-2024-18142
"Franchement, J'ai été débité deux fois 1435,25 DT pour la même commande ADR-2024-85065 le 16/06/2025. Je saisirai un avocat si rien ne bouge.",ADR-2024-85065
"Cher Service Client, Colis PKG-2025-18357 égaré dans le circuit. Départ Sousse. Bloqué depuis 12 jours. Dans l'attente de votre réponse.",PKG-2025-18357
"C'est inadmissible ! Erreur d'adresse : le colis PKG-2026-20518 est parti sur Le Bardo, moi je suis à Nice. Que faire ? Réagissez !",PKG-2026-20518
"Cher Service Client, Demande de remboursement de la somme payée pour le colis BL-2025-70686. Produit non conforme. Dans l'attente de votre réponse.",BL-2025-70686
Colis expédié vers Ariana par erreur le mardi. Ma vraie adresse est à Manouba (colis BL-2026-67535). À corriger. À bientôt.,BL-2026-67535
"Bonjour, Question facturation. On me demande 162.75 dinars pour LP-2023-83713, alors que rien n'a été livré. Explication ? C'est inacceptable !",LP-2023-83713
"Bonjour Madame, Monsieur, Colis introuvable. Ref LP-2026-22924. Dans l'attente de votre réponse.",LP-2026-22924
"Bonjour Madame, Monsieur, Colis CMR-2024-12125 égaré dans le circuit. Départ Genève. Bloqué depuis 4 mois. Dans l'attente de votre réponse.",CMR-2024-12125
Mon colis LP-2026-32050 a été livré à Kasserine alors que j'habite à Ettadhamen. Merci !,LP-2026-32050
"C'est inadmissible ! Le colis BL-2023-64053 est marqué livré à Sousse, MAIS je n'ai rien reçu. Je pense qu'il a été volé. Réagissez !",BL-2023-64053
"Coucou, Je n'ai jamais reçu mon colis ADR-2025-56457. Il devait arriver à Kasserine. Plus de nouvelles depuis 45 jours. Perdu ? Merci beaucoup.",ADR-2025-56457
"Salut, On m'a livré à la mauvaise ville. Numéro PKG-2025-60311. Destination erronée : Kairouan. Correcte : El Menzah. Merci !",PKG-2025-60311
"Bonjour, Produit reçu abîmé. Emballage détruit. Numéro TR-2025-42302. J attends un geste. À bientôt.",TR-2025-42302
"Bonjour, Le colis PKG-2026-83005 est bloqué à Tozeur. Il devait aller à Sousse. 6 semaines de perdu. Dans l'attente de votre réponse.",PKG-2026-83005
"Bonjour Madame, Monsieur, Le colis PKG-2025-65194 est en retard de 41 jours. Livraison prévue à Sousse. Cordialement.",PKG-2025-65194
"Cher Service Client, Colis ADR-2026-81256 égaré dans le circuit. Départ Lyon. Bloqué depuis 1 semaine. Dans l'attente de votre réponse.",ADR-2026-81256
"Hello, Marchandise arrivée déchirée. Colis TR-2024-51049. Livrée à Gabès. Plusieurs articles sont rayés et inutilisables. Merci beaucoup.",TR-2024-51049
"Cher Service Client, Livraison en retard. Ref LP-2024-35575. Sincères salutations.",LP-2024-35575
"Coucou, Erreur d'adresse : le colis LP-2026-68176 est parti sur Sousse, moi je suis à Manouba. Que faire ?",LP-2026-68176
Je n'ai jamais reçu mon colis ADR-2023-85066. Il devait arriver à Kasserine. Perdu ? Merci d'avance.,ADR-2023-85066
"Bonjour, Demande de remboursement de la somme payée pour le colis CMR-2025-14224 commandé le 30/03/2024. Produit non conforme. Je ne veux plus jamais utiliser vos services.",CMR-2025-14224
"Cher Service Client, Retour + remboursement svp. Ref BL-2023-70089. Le produit ne me convient pas. Merci de votre retour.",BL-2023-70089
"Bonjour, Le colis EXP-2025-81737 est marqué livré à Zaghouan, mais je n'ai rien reçu. Je pense qu'il a été volé. Merci d'avance.",EXP-2025-81737
"Bonjour, Ma commande PKG-2024-27290 devait arriver à Milan, toujours rien reçu, ça fait 60 jours. Merci d'avance.",PKG-2024-27290
"Madame, Monsieur, Retour + remboursement svp. Ref LP-2023-79243. Le produit ne me convient pas. Bien à vous.",LP-2023-79243
"Madame, Monsieur, Mon clavier est arrivé à Manouba le 10 août completement cassé. Ref BL-2026-84302. Il coûtait 1726€. Cordialement.",BL-2026-84302
"Cher Service Client, Colis EXP-2023-36895 endommagé à Zaghouan. Le carton était perforé, le contenu est HS. Merci d'avance.",EXP-2023-36895
"Bonsoir, Ma commande TR-2024-68925 devait arriver le 22/04/2025, toujours rien reçu. Dans l'attente de votre réponse.",TR-2024-68925
Mon ordinateur est arrivé le 03/12/2025 completement cassé. Ref EXP-2026-44735. Dernière chance avant plainte officielle.,EXP-2026-44735
"Cher Service Client, Produit reçu abîmé. Emballage détruit. Numéro TR-2025-19828. Livraison Hammamet. J attends depuis 48h un geste. Cordialement.",TR-2025-19828
"Cher Service Client, Je veux annuler et être remboursé 1000.29 DT. Commande COL-2024-34530. Merci de votre retour.",COL-2024-34530
"Cher Service Client, Colis CMR-2024-12612 endommagé à Mahdia. Le carton était perforé, le contenu est HS. Sincères salutations.",CMR-2024-12612
"Bonjour Madame, Monsieur, Retard important sur ma commande. Numéro de suivi : LP-2025-32833. Destination : Ezzahra. Prévu le le 11 déc.. Merci de votre retour.",LP-2025-32833
"Bonjour Madame, Monsieur, Mon montre d'une valeur de quelques centaines est cassé à la réception. Colis CMR-2023-75035. Adresse : Gafsa. Bien à vous.",CMR-2023-75035
"Cher Service Client, Erreur d'adresse : le colis TR-2025-43640 est parti sur Ettadhamen, moi je suis à Médenine. Que faire ? Bien à vous.",TR-2025-43640
"Écoutez, Ma commande de 905.32 EUROS a totalement disparu. Numéro : PKG-2023-72847.. Enquête urgente demandée. J'exige une réponse immédiate.",PKG-2023-72847
"Madame, Monsieur, Mon téléphone est arrivé à Nabeul completement cassé. Ref LP-2024-17144. Merci d'avance.",LP-2024-17144
"Cher Service Client, Le prix affiché était différent : 373.84dinars au lieu du montant annoncé. Commande TR-2025-62096. Bien à vous.",TR-2025-62096
"Coucou, Aucune nouvelle de ma livraison TR-2023-83752. Attendue à Nabeul le le 2 jui.. Cela fait 3 mois d'attente.",TR-2023-83752
"Salut, Colis introuvable. Ref EXP-2026-28855. Disparu depuis 57 jours. Merci beaucoup.",EXP-2026-28855
"Coucou, On m'a livré à la mauvaise ville. Numéro BL-2026-27342. Destination erronée : Mahdia. Correcte : Barcelone. Reçu le 8 novembre. Merci beaucoup.",BL-2026-27342
Produit reçu abîmé. Emballage détruit. Numéro CMR-2026-49602. J attends un geste. Je ne veux plus jamais utiliser vos services.,CMR-2026-49602
"Franchement, Comportement du livreur inacceptable. Il a jeté le colis EXP-2024-29651 par-dessus le portail. Je ne veux plus jamais utiliser vos services.",EXP-2024-29651
"Hello, Aucune nouvelle de ma livraison TR-2026-17035 le 11/10. Cela fait 24h d'attente.",TR-2026-17035
"Cher Service Client, Aucune nouvelle de ma livraison LP-2025-37444. Attendue à Gabès. Cela fait 3 semaines d'attente. Bien à vous.",LP-2025-37444
"Madame, Monsieur, Toujours pas livré à Hammamet, colis COL-2024-12348. C'est long. Merci de votre retour.",COL-2024-12348
"Coucou, On m'a livré à la mauvaise ville. Numéro EXP-2023-23928. Destination erronée : Mahdia. Correcte : Monastir. À bientôt.",EXP-2023-23928
"Bonjour, Erreur d'adresse : le colis PKG-2026-65278 est parti sur Gabès, moi je suis à El Menzah. Que faire ? Bien à vous.",PKG-2026-65278
